code	component	family	group	legacy	flag
U01	〇	数字与序数	记号	0	
U02	一	数字与序数	记号	1	
U03	四	数字与序数	记号	4	
U04	五	数字与序数	记号	5	
U05	六	数字与序数	记号	6	
U06	七	数字与序数	记号	7	
U07	八	数字与序数	记号	8	
U08	九	数字与序数	记号	9	
U09	十	数字与序数	记号	10	
U10	乙	数字与序数	记号	102	
U11	丙	数字与序数	记号	103	
U12	丁	数字与序数	记号	104	
U13	己	数字与序数	记号	106	
U14	壬	数字与序数	记号	109	
U15	癸	数字与序数	记号	110	
T01	丨	笔画与几何	记号	200	
T02	丿	笔画与几何	记号	201	
T03	丶	笔画与几何	记号	203	
T04	𠄌	笔画与几何	记号	204	
T05	𠃊	笔画与几何	记号	205	
T06	𠂆	笔画与几何	记号	207	
T07	〇(圓)	笔画与几何	记号	209	
T08	厶	笔画与几何	记号	210	
V01	小	抽象关系记号	记号	300	
V02	上	抽象关系记号	记号	301	
V03	入	抽象关系记号	记号	310	
V04	丩	抽象关系记号	记号	311	
V05	卜	抽象关系记号	记号	312	
V06	丯	抽象关系记号	记号	320	
V07	爻	抽象关系记号	记号	321	
V08	叕	抽象关系记号	记号	322	
V09	𬼆	抽象关系记号	记号	323	
V10	非	抽象关系记号	记号	330	
V11	冓	抽象关系记号	记号	331	
V12	丫	抽象关系记号	记号	360	
V13	串	抽象关系记号	记号	370	
V14	乄	抽象关系记号	记号	371	
V15	兩	抽象关系记号	记号	380	
I01	人	人形与人称	象人	10000	
I02	尸	人形与人称	象人	10001	
I03	欠	人形与人称	象人	10002	
I04	子	人形与人称	象人	10004	
I05	身	人形与人称	象人	10005	
I06	老	人形与人称	象人	10006	
I07	長	人形与人称	象人	10007	
I08	久	人形与人称	象人	10008	
I09	杀	人形与人称	象人	10050	
I10	𠤕	人形与人称	象人	10051	
I11	𫠤	人形与人称	象人	10052	
I12	卩	人形与人称	象人	10100	
I13	女	人形与人称	象人	10101	
I14	丮	人形与人称	象人	10102	
K01	叒	手与足	象人	10150	改
I15	大	人形与人称	象人	10200	
I16	夭	人形与人称	象人	10201	
I17	𫯛	人形与人称	象人	10202	
I18	文	人形与人称	象人	10203	待核
I19	𦰩	人形与人称	象人	10210	待核
I20	業	人形与人称	象人	10211	待核
I21	黄	人形与人称	象人	10212	待核
I22	無	人形与人称	象人	10213	待核
I23	異	人形与人称	象人	10214	待核
I24	競	人形与人称	象人	10215	待核
I25	鬼	人形与人称	象人	10216	
J01	頁	头面五官	象人	11000	
J02	首	头面五官	象人	11001	
J03	皃	头面五官	象人	11002	
J04	囟	头面五官	象人	11003	
J05	𤓯	头面五官	象人	11004	
J06	目	头面五官	象人	11100	
J07	臣	头面五官	象人	11101	
J08	耳	头面五官	象人	11200	
J09	彡	头面五官	象人	11300	待核
J10	而	头面五官	象人	11301	待核
J11	冉	头面五官	象人	11302	待核
J12	丱	头面五官	象人	11303	待核
J13	自	头面五官	象人	11400	
J14	口	头面五官	象人	11500	
J15	舌	头面五官	象人	11501	
J16	𠚕	头面五官	象人	11502	
J17	牙	头面五官	象人	11503	
J18	于	头面五官	象人	11504	
K02	又	手与足	象人	12000	
K03	手	手与足	象人	12001	
K04	爪	手与足	象人	12002	
K05	釆	手与足	象人	12003	待核
K06	白	手与足	象人	12004	待核
K07	尺	手与足	象人	12005	
K08	禸	手与足	象人	12006	待核
K09	𠃋	手与足	象人	12007	
K10	止	手与足	象人	13000	
K11	足	手与足	象人	13001	
K12	尣	手与足	象人	13002	
K13	疋	手与足	象人	13003	
K14	夗	手与足	象人	13004	
L01	心	躯体内藏与毛羽	象人	14000	
L02	肉	躯体内藏与毛羽	象人	14001	
L03	冎	躯体内藏与毛羽	象人	14002	
L04	歹	躯体内藏与毛羽	象人	14003	
L05	𦣞	躯体内藏与毛羽	象人	14004	
L06	乃	躯体内藏与毛羽	象人	14005	待核
L07	角	躯体内藏与毛羽	象人	14006	待核
L08	毛	躯体内藏与毛羽	象人	14007	待核
L09	羽	躯体内藏与毛羽	象人	14008	待核
L10	𡇒	躯体内藏与毛羽	象人	14009	待核
L11	𠀃	躯体内藏与毛羽	象人	14010	待核
L12	丄	躯体内藏与毛羽	象人	14011	待核
L13	𠁣	躯体内藏与毛羽	象人	14012	待核
A01	日	天象	象物	20000	
A02	月	天象	象物	20001	
A03	晶	天象	象物	20002	
A04	气	天象	象物	20003	
A05	雨	天象	象物	20005	
A06	云	天象	象物	20006	
A07	畾	天象	象物	20050	
A08	申	天象	象物	20051	
A09	龷	天象	象物	20052	待核
N01	吕	饮食器皿	象工	21000	改待核
B01	玉	地文土石	象物	21001	改
H01	貝	鳞甲虫豸	象物	21002	改
P01	卪	器用工具	象工	21050	改待核
V16	毌	抽象关系记号	记号	21051	改待核
C01	水	水冰	象物	21500	
C02	仌	水冰	象物	21501	
C03	𡿨	水冰	象物	21502	
C04	回	水冰	象物	21503	
D01	火	火	象物	21700	
D02	𬊇	火	象物	21701	
E01	木	草木禾竹	象物	22000	
E02	爿	草木禾竹	象物	22001	
E03	屮	草木禾竹	象物	22002	
E04	禾	草木禾竹	象物	22003	
E05	竹	草木禾竹	象物	22004	
V17	帀	抽象关系记号	记号	22005	改待核
M01	幺	衣食丝革	象工	22010	改
M02	巠	衣食丝革	象工	22011	改
P02	叀	器用工具	象工	22012	改
Z01	𠂂	未定待考	衍生	22013	改待核
P03	互	器用工具	象工	22014	改待核
E06	米	草木禾竹	象物	22020	
E07	瓜	草木禾竹	象物	22021	
V18	世	抽象关系记号	记号	22050	改
E08	韭	草木禾竹	象物	22051	
E09	來	草木禾竹	象物	22052	
E10	齊	草木禾竹	象物	22053	
E11	𠂹	草木禾竹	象物	22054	
E12	不	草木禾竹	象物	22060	改
E13	𢎘	草木禾竹	象物	22061	待核
E14	帝	草木禾竹	象物	22062	待核
V19	丂	抽象关系记号	记号	22063	改
V20	兮	抽象关系记号	记号	22064	改
V21	乎	抽象关系记号	记号	22065	改
B02	土	地文土石	象物	25000	
B03	田	地文土石	象物	25001	
B04	鹵	地文土石	象物	25002	
B05	山	地文土石	象物	25010	
B06	石	地文土石	象物	25011	
B07	𠂤	地文土石	象物	25012	
B08	厂	地文土石	象物	25013	
B09	谷	地文土石	象物	25050	
B10	丘	地文土石	象物	25051	
B11	凵	地文土石	象物	25052	
B12	𢏚	地文土石	象物	25053	
B13	𠈌	地文土石	象物	25054	
I26	勹	人形与人称	象人	30000	改
M03	冖	衣食丝革	象工	30001	改
M04	𬺩	衣食丝革	象工	30003	
M05	𰀉	衣食丝革	象工	30002	
M06	衣	衣食丝革	象工	30010	
M07	革	衣食丝革	象工	30011	
M08	巿	衣食丝革	象工	30012	
M09	𠑹	衣食丝革	象工	30013	
M10	𠌺	衣食丝革	象工	30014	
M11	幵	衣食丝革	象工	30015	
M12	巾	衣食丝革	象工	30020	
M13	黹	衣食丝革	象工	30021	
M14	㐁	衣食丝革	象工	30051	改待核
P04	工	器用工具	象工	30200	改
P05	曲	器用工具	象工	30201	改
S01	巫	祭祀与语言文字	象工	30202	改
P06	𱖆	器用工具	象工	30250	改
P07	冊	器用工具	象工	30300	改
P08	㢧	器用工具	象工	30350	改
P09	壴	器用工具	象工	30400	改
P10	𫪡	器用工具	象工	30401	改
P11	珡	器用工具	象工	30402	改
Z02	庚	未定待考	衍生	30450	改待核
P12	南	器用工具	象工	30452	改待核
P13	甬	器用工具	象工	30453	改待核
P14	㐃	器用工具	象工	30454	改待核
N02	匚	饮食器皿	象工	31000	
N03	𠙴	饮食器皿	象工	31001	
N04	𠓛	饮食器皿	象工	31003	
N05	酉	饮食器皿	象工	31010	
N06	鬲	饮食器皿	象工	31011	
N07	壺	饮食器皿	象工	31012	
N08	鼎	饮食器皿	象工	31013	
N09	畗	饮食器皿	象工	31014	
N10	卣	饮食器皿	象工	31015	
N11	𥥼	饮食器皿	象工	31016	
N12	斝	饮食器皿	象工	31017	
N13	𥬅	饮食器皿	象工	31018	
N14	缶	饮食器皿	象工	31019	
N15	臼	饮食器皿	象工	31030	
N16	用	饮食器皿	象工	31031	
N17	皀	饮食器皿	象工	31032	
N18	鬯	饮食器皿	象工	31033	
N19	𡉉	饮食器皿	象工	31034	
N20	由	饮食器皿	象工	31035	
N21	同	饮食器皿	象工	31036	
N22	㫗	饮食器皿	象工	31037	
N23	甾	饮食器皿	象工	31040	
N24	𬎿	饮食器皿	象工	31041	
N25	豆	饮食器皿	象工	31050	
N26	皿	饮食器皿	象工	31100	
N27	凡	饮食器皿	象工	31101	
S02	且	祭祀与语言文字	象工	31200	改
N28	勺	饮食器皿	象工	31210	
Z03	氏	未定待考	衍生	31211	改
N29	斗	饮食器皿	象工	31212	
N30	宁	饮食器皿	象工	31250	
P15	力	器用工具	象工	31300	改
P16	耒	器用工具	象工	31301	改
P17	午	器用工具	象工	31302	改
P18	辰	器用工具	象工	31303	改
P19	弋	器用工具	象工	31309	改
P20	乂	器用工具	象工	31312	改
P21	录	器用工具	象工	31350	改
P22	厄	器用工具	象工	31352	改
P23	㭉	器用工具	象工	31353	改
O01	囗	宫室居处	象工	32000	
O02	广	宫室居处	象工	32002	
O03	宀	宫室居处	象工	32003	
O04	穴	宫室居处	象工	32004	
O05	京	宫室居处	象工	32005	
O06	亯	宫室居处	象工	32006	
O07	㐭	宫室居处	象工	32007	
M15	襾	衣食丝革	象工	32008	改
Z04	西	未定待考	衍生	32051	改待核
Z05	𠰞	未定待考	衍生	32052	改
O08	余	宫室居处	象工	32053	改
S03	示	祭祀与语言文字	象工	32070	改
S04	主	祭祀与语言文字	象工	32071	改
O09	門	宫室居处	象工	32100	
O10	几	宫室居处	象工	32101	
O11	丌	宫室居处	象工	32102	
N31	瓦	饮食器皿	象工	32103	改
O12	囱	宫室居处	象工	32104	
O13	囧	宫室居处	象工	32105	
O14	井	宫室居处	象工	32106	
O15	𠀠	宫室居处	象工	32108	
P24	帚	器用工具	象工	32152	改
P25	彗	器用工具	象工	32153	改
Z06	爾	未定待考	衍生	32154	改
R01	行	行止旌旗	象工	33000	改
R02	車	行止旌旗	象工	33001	改
R03	舟	行止旌旗	象工	33002	改
R04	㫃	行止旌旗	象工	33003	改
M16	傘	衣食丝革	象工	33050	改
Z07	中	未定待考	衍生	33051	改
O16	亞	宫室居处	象工	33052	改
Q01	士	兵戎畋猎	象工	33100	
Q02	王	兵戎畋猎	象工	33101	
Q03	𤼽	兵戎畋猎	象工	33102	
Q04	斤	兵戎畋猎	象工	33103	
Q05	戉	兵戎畋猎	象工	33104	
Q06	戈	兵戎畋猎	象工	33105	
Q07	我	兵戎畋猎	象工	33106	
Q08	或	兵戎畋猎	象工	33107	
Q09	氒	兵戎畋猎	象工	33108	
Q10	矛	兵戎畋猎	象工	33109	
Q11	弓	兵戎畋猎	象工	33110	
Q12	矢	兵戎畋猎	象工	33111	
Q13	畀	兵戎畋猎	象工	33113	
Q14	刀	兵戎畋猎	象工	33120	
Q15	卯	兵戎畋猎	象工	33121	
Q16	䇂	兵戎畋猎	象工	33130	
Q17	辛	兵戎畋猎	象工	33131	
Q18	𱖔	兵戎畋猎	象工	33150	
Q19	𢍺	兵戎畋猎	象工	33151	
Q20	必	兵戎畋猎	象工	33152	
Q21	干	兵戎畋猎	象工	33200	
Q22	甲	兵戎畋猎	象工	33201	
Q23	𭾜	兵戎畋猎	象工	33202	
Q24	㚔	兵戎畋猎	象工	33203	
Q25	网	兵戎畋猎	象工	33210	改
Q26	克	兵戎畋猎	象工	33250	改
Z08	𠦒	未定待考	衍生	33253	改
Q27	單	兵戎畋猎	象工	33254	改
Z09	𰅱	未定待考	衍生	33255	改
G01	鼠	走兽	象物	40001	
G02	牛	走兽	象物	40002	
G03	虎	走兽	象物	40003	
G04	兔	走兽	象物	40004	
G05	龍	走兽	象物	40005	
H02	它	鳞甲虫豸	象物	40006	改
H03	巴	鳞甲虫豸	象物	40007	改
G06	馬	走兽	象物	40008	
G07	羊	走兽	象物	40009	
G08	犬	走兽	象物	40010	
G09	豕	走兽	象物	40011	
G10	亥	走兽	象物	40012	
G11	彑	走兽	象物	40013	
G12	豸	走兽	象物	40014	
G13	象	走兽	象物	41000	
G14	𤉡	走兽	象物	41001	
G15	能	走兽	象物	41002	
G16	鹿	走兽	象物	41003	
H04	虫	鳞甲虫豸	象物	41004	改
H05	龜	鳞甲虫豸	象物	41005	改
H06	黽	鳞甲虫豸	象物	41006	改
H07	𬟏	鳞甲虫豸	象物	41007	改
Z10	求	未定待考	衍生	41008	改
Z11	丽	未定待考	衍生	41050	改
Z12	曱	未定待考	衍生	41051	改
H08	昆	鳞甲虫豸	象物	41052	改
H09	萬	鳞甲虫豸	象物	41053	改
H10	万	鳞甲虫豸	象物	41054	改
H11	禹	鳞甲虫豸	象物	41055	改
G17	廌	走兽	象物	41056	
G18	𣎆	走兽	象物	41057	
H12	魚	鳞甲虫豸	象物	42000	
H13	卵	鳞甲虫豸	象物	42050	改
F01	鳥	飞禽	象物	43000	
F02	隹	飞禽	象物	43001	
F03	飛	飞禽	象物	43002	
F04	燕	飞禽	象物	43050	
F05	𠃉	飞禽	象物	43051	
F06	𠘧	飞禽	象物	43052	
F07	舄	飞禽	象物	43053	
F08	𠤈	飞禽	象物	43054	
F09	𬗧	飞禽	象物	43055	
W01	*	形似与推演构件	衍生	60000	
W02	*↻	形似与推演构件	衍生	60000	
W03	*⇄	形似与推演构件	衍生	60000	
W04	*？	形似与推演构件	衍生	60000	
W05	*一	形似与推演构件	衍生	60001	
W06	*丨	形似与推演构件	衍生	60002	
W07	*丿	形似与推演构件	衍生	60003	
W08	*丶	形似与推演构件	衍生	60004	
W09	*〇	形似与推演构件	衍生	60005	
W10	*乙	形似与推演构件	衍生	60005	
W11	*乚	形似与推演构件	衍生	60005	
W12	*二	形似与推演构件	衍生	60011	
W13	*十	形似与推演构件	衍生	60012	
W14	*冖	形似与推演构件	衍生	60025	
W15	*冫	形似与推演构件	衍生	60031	
W16	*𠂉	形似与推演构件	衍生	60031	
W17	*人	形似与推演构件	衍生	60034	
W18	*入	形似与推演构件	衍生	60034	
W19	*八	形似与推演构件	衍生	60034	
W20	*几	形似与推演构件	衍生	60035	
W21	*亠	形似与推演构件	衍生	60041	
W22	*凵	形似与推演构件	衍生	60052	
W23	*乃	形似与推演构件	衍生	60053	
W24	*刀	形似与推演构件	衍生	60053	
W25	*厶	形似与推演构件	衍生	60054	
W26	*三	形似与推演构件	衍生	60111	
W27	*艹	形似与推演构件	衍生	60122	
W28	*廾	形似与推演构件	衍生	60132	
W29	*廿	形似与推演构件	衍生	60152	
W30	*上	形似与推演构件	衍生	60211	
W31	*工	形似与推演构件	衍生	60212	
W32	*小	形似与推演构件	衍生	60234	
W33	*口	形似与推演构件	衍生	60251	
W34	*囗	形似与推演构件	衍生	60251	
W35	*山	形似与推演构件	衍生	60252	
W36	*巾	形似与推演构件	衍生	60252	
W37	*彳	形似与推演构件	衍生	60332	
W38	*个	形似与推演构件	衍生	60342	
W39	*𡿨	形似与推演构件	衍生	60343	
W40	*弓	形似与推演构件	衍生	60515	
W41	*彝	形似与推演构件	衍生	60551	
W42	*巛	形似与推演构件	衍生	60555	
W43	*彡	形似与推演构件	衍生	60555	
W44	*丰	形似与推演构件	衍生	61112	
W45	*卅	形似与推演构件	衍生	61322	
W46	*匹	形似与推演构件	衍生	61535	
W47	*少	形似与推演构件	衍生	62343	
W48	*日	形似与推演构件	衍生	62511	
W49	*曰	形似与推演构件	衍生	62511	
W50	*中	形似与推演构件	衍生	62512	
W51	*仌	形似与推演构件	衍生	63434	
W52	*灬	形似与推演构件	衍生	64444	
W53	*户	形似与推演构件	衍生	64513	
W54	*𠃜	形似与推演构件	衍生	65213	
W55	*水	形似与推演构件	衍生	65534	
W56	*生	形似与推演构件	衍生	65535	
W57	*士	形似与推演构件	衍生	65536	
W58	*𠂉	形似与推演构件	衍生	65537	
W59	*注	形似与推演构件	衍生	70000	
W60	*平	形似与推演构件	衍生	70100	
W61	*片	形似与推演构件	衍生	70101	
X01	ᄀ	域外符号	衍生	70200	
X02	ᄂ	域外符号	衍生	70200	
X03	ᄅ	域外符号	衍生	70200	
X04	ᄆ	域外符号	衍生	70200	
X05	ᄉ	域外符号	衍生	70200	
X06	ᄋ	域外符号	衍生	70200	
X07	卍	域外符号	衍生	70350	
X08	⚊	域外符号	衍生	70400	
X09	⚋	域外符号	衍生	70401	
X10	𬼁	域外符号	衍生	70500	
X11	𬼗	域外符号	衍生	70501	
W62	*𡗜	形似与推演构件	衍生	73443	
W63	*北	形似与推演构件	衍生	81153	
W64	*由	形似与推演构件	衍生	82511	
W65	*氺	形似与推演构件	衍生	84134	
W66	*田	形似与推演构件	衍生	85121	
W67	*另	形似与推演构件	衍生	85153	
W68	*白	形似与推演构件	衍生	92511	
W69	*㠯	形似与推演构件	衍生	111251	
W70	*而	形似与推演构件	衍生	192522	
W71	*西	形似与推演构件	衍生	195251	
W72	*同	形似与推演构件	衍生	311251	
W73	*吕	形似与推演构件	衍生	311251	
W74	*臼	形似与推演构件	衍生	385111	
W75	*危	形似与推演构件	衍生	411355	
W76	*米	形似与推演构件	衍生	491234	
W77	*弜	形似与推演构件	衍生	575515	
W78	*叒	形似与推演构件	衍生	605454	
W79	*絲	形似与推演构件	衍生	614234	
W80	*沝	形似与推演构件	衍生	55405534	
W81	*甾	形似与推演构件	衍生	55585121	
W82	*屮	形似与推演构件	衍生	511	
Y01	⿳丅口丄	合体式与整体象形	衍生	100000	
Y02	⿳一⿴〢二鬲	合体式与整体象形	衍生	100001	
Y03	⿻丨人	合体式与整体象形	衍生	100002	
Y04	⿵冂夫	合体式与整体象形	衍生	100003	
Y05	⿻𰀉⿱吕人	合体式与整体象形	衍生	100004	
Y06	害	合体式与整体象形	衍生	100005	待核
Y07	𠒅	合体式与整体象形	衍生	100006	待核
Y08	𢒕	合体式与整体象形	衍生	100007	待核
Y09	㬰	合体式与整体象形	衍生	100008	待核
Y10	𡿩	合体式与整体象形	衍生	100009	待核
